{
  "project_info": {
    "project_number": "175201794759",
    "firebase_url": "https://quizapp-29372.firebaseio.com",
    "project_id": "quizapp-29372",
    "storage_bucket": "quizapp-29372.appspot.com"
  },
  "client": [
    {
      "client_info": {
        "mobilesdk_app_id": "1:175201794759:android:c6bb41e150dc9195b25ce2",
        "android_client_info": {
          "package_name": "com.example.quizapp"
        }
      },
      "oauth_client": [
        {
          "client_id": "175201794759-tp1nedk7g9hk4mlm6qs8j7g10r4kvbur.apps.googleusercontent.com",
          "client_type": 1,
          "android_info": {
            "package_name": "com.example.quizapp",
            "certificate_hash": "526ff666532d5c30b043aada76168d5e12a972d7"
          }
        },
        {
          "client_id": "175201794759-q8k37n71vj1e5ehoj48l3q6mrbstqpf1.apps.googleusercontent.com",
          "client_type": 3
        }
      ],
      "api_key": [
        {
          "current_key": "AIzaSyA_A_DIyzWNBWworMmyeOeDkdwwaySXogA"
        }
      ],
      "services": {
        "appinvite_service": {
          "other_platform_oauth_client": [
            {
              "client_id": "175201794759-q8k37n71vj1e5ehoj48l3q6mrbstqpf1.apps.googleusercontent.com",
              "client_type": 3
            }
          ]
        }
      }
    }
  ],
  "configuration_version": "1"
}